{
  "profiles": {
    "Default": {
      "name": "Default",
      "javaArgs": "-Xmx2G -XX:+UseConcMarkSweepGC -XX:-UseAdaptiveSizePolicy -Xmn128M",
      "launcherVisibilityOnGameClose": "close launcher when game starts"
    }
  },
  "selectedProfile": "Default",
  "clientToken": "c7ce1b4b-a674-40fd-af0f-26eff1ba5d14",
  "authenticationDatabase": {
    "a22e247f1f9c3ecb969e030c07fe867a": {
      "displayName": "mcarvalhor",
      "accessToken": "a22e247f-1f9c-3ecb-969e-030c07fe867a",
      "userid": "mcarvalhor",
      "uuid": "a22e247f-1f9c-3ecb-969e-030c07fe867a",
      "username": "mcarvalhor"
    }
  },
  "selectedUser": "a22e247f1f9c3ecb969e030c07fe867a",
  "launcherVersion": {
    "name": "Shiginima Launcher v4.200",
    "format": 21,
    "profilesFormat": 1
  }
}